Académie,Siret,Raison sociale,Statuts,DECA,SIFA RAMSESE,Catalogue,UAI,Tache
Clermont-Ferrand,13000772700071,CCI FORMATION,gestionnaire et formateur,0632047H,,0631819K,,à expertiser
Lyon,13000858400018,INSTITUT ENSEIGNEMENT SUPERIEUR ET RECHERCHE EN ALIMENTATION SANTE ANIMALE SCIENCES AGRONOMIQUES ET ENVIRONNEMENT,gestionnaire et formateur,,,0690193K,,à expertiser
Clermont-Ferrand,13000858400026,VETAGROSUP CAMPUS AGRONOM CLERMONT,gestionnaire et formateur,,,0632065C,,à expertiser
Clermont-Ferrand,13001313900014,CHAMBRE DE COMMERCE ET D INDUSTRIE DE HAUTE LOIRE,gestionnaire et formateur,0431046D,0431046D,0431046D,0431046D,à valider
Grenoble,13001400400043,CENTRE DE FORMATION,gestionnaire et formateur,0071199R,,0071199R,0071199R,à valider
Clermont-Ferrand,13002191800045,SIGMA CLERMONT,gestionnaire et formateur,,,0632086A,,à expertiser
Clermont-Ferrand,13002286600011,DELEGATION MOULINS,gestionnaire et formateur,0031130M,0031130M,0031128K,0031124F,à valider
Clermont-Ferrand,13002286600029,DELEGATION VICHY,gestionnaire et formateur,,0031128K,0031128K,0031128K,à valider
Grenoble,13002608100013,UNIVERSITE GRENOBLE ALPES,gestionnaire et formateur,0383493R,0383493R,0383493R,0383493R,à valider
Lyon,13002792300056,CAMPUS METIERS COGNAC,gestionnaire et formateur,,0161229Z,0165556C,,à expertiser
Clermont-Ferrand,13002793100356,CFA DU TARN,gestionnaire et formateur,0810791V,,0810791V,0810791V,à valider
Lyon,13002795600015,CMAR AUVERGNE-RHONE-ALPES,gestionnaire et formateur,0382441X,,0382441X,0382441X,à valider
Clermont-Ferrand,13002806100013,UNIVERSITE CLERMONT AUVERGNE,gestionnaire et formateur,,0150746E,0632084Y,,à expertiser
Clermont-Ferrand,13002806100021,UFR SCI & TECH DES ACT PHYS & SPORT,gestionnaire et formateur,,,0630096M,,à expertiser
Clermont-Ferrand,13002806100047,UFR DE BIOLOGIE,gestionnaire et formateur,,,0632042C,,à expertiser
Clermont-Ferrand,13002806100054,UFR DE CHIMIE,gestionnaire et formateur,,,0632043D,,à expertiser
Clermont-Ferrand,13002806100070,ECOLE UNIVERSITAIRE DE PHYSIQUE ET D'INGENIERIE,gestionnaire et formateur,,,0632045F,,à expertiser
Clermont-Ferrand,13002806100088,INSTITUT UNIVERSITAIRE DE TECHNOLOGIE UCA,gestionnaire et formateur,,,0632085Z,,à expertiser
Clermont-Ferrand,13002806100237,UFR MEDECINE ET PROFESSIONS PARAMEDICALES,gestionnaire et formateur,,,0631382K,,à expertiser
Clermont-Ferrand,13002806100245,ANTENNE IUT UCA LE PUY,gestionnaire et formateur,,0430951A,0430951A,0430951A,à valider
Clermont-Ferrand,13002806100252,ANTENNE IUT UCA AURILLAC,gestionnaire et formateur,,,0150746E,,à expertiser
Clermont-Ferrand,13002806100260,ECOLE DE DROIT,gestionnaire et formateur,,,0632008R,,à expertiser
Clermont-Ferrand,13002806100294,INSTITUT D'ADMINISTRATION DES ENTREPRISES,gestionnaire et formateur,,0632006N,0632006N,0632006N,à valider
Clermont-Ferrand,13002806100302,UFR LETTRES CULTURES ET SCIENCES HUMAINES,gestionnaire et formateur,,,,,à expertiser
Lyon,18013001500019,CHAMBRE DE COMMERCE D'INDUSTRIE DE L'AIN,gestionnaire et formateur,,0011402U,0011402U,0011402U,à valider
Clermont-Ferrand,18150001800062,LE CAMPUS,gestionnaire et formateur,0150786Y,0150786Y,0150640P,0150786Y,à valider
Grenoble,18263001200017,CHAMBRE COMMERCE INDUSTRIE DE LA DROME,gestionnaire,0261253W,,0261253W,0261253W,à valider
Grenoble,18263001200041,SERVICE ENSEIGNEMENT,gestionnaire et formateur,0261253W,0261431P,0261253W,0261253W,à valider
Grenoble,18383001700012,CHAMBRE COMMERCE ET INDUSTRIE GRENOBLE,gestionnaire,0381861S,,,,à expertiser
Grenoble,18383001700152,GROUPE FORMATION-CCI FORMATION-CFA IMT-ISCO,gestionnaire et formateur,0381861S,0383361X,0381861S,0381861S,à valider
Grenoble,18383002500031,ANTENNE CCI VILLEFONTAINE,gestionnaire et formateur,0383551D,0383551D,0383361X,0383551D,à valider
Grenoble,18383011600020,GIP FIPAG,gestionnaire et formateur,0383332R,0383332R,0383332R,0383332R,à valider
Clermont-Ferrand,18630909200010,GIP AUVERGNE,gestionnaire,0631977G,0631977G,0631977G,0631977G,à valider
Grenoble,18640002400136,CNPC ALPES,gestionnaire et formateur,0641918M,,0383471S,,à expertiser
Lyon,18693013700044,GIPAL FORMATION,gestionnaire et formateur,0694047Z,0694047Z,0694047Z,0694047Z,à valider
Grenoble,18733001400015,CHAMBRE DE COMMERCE ET D'INDUSTRIE DE LA SAVOIE,gestionnaire et formateur,,,0731499H,,à expertiser
Grenoble,18743001200067,CHAMBRE COMMERCE & INDUSTRIE HTE SAVOIE,gestionnaire et formateur,0741744U,0741673S,0741744U,0741744U,à valider
Lyon,19010016400010,LYCEE GENERAL TECHNOLOGIQUE JMCARRIAT,gestionnaire et formateur,0011164K,,0010016M,,à expertiser
Lyon,19010016400028,GRETA DE L'AIN,gestionnaire et formateur,0011164K,0011164K,0011164K,0011164K,à valider
Clermont-Ferrand,19030038400038,GRETA NORD ALLIER,gestionnaire et formateur,,,0030976V,,à expertiser
Clermont-Ferrand,19030094700016,LEGTPA DU BOURBONNAIS,gestionnaire,0030993N,0031067U,0030094L,,à expertiser
Clermont-Ferrand,19030094700040,EXPLOITATION AGRICOLE NEUVY,gestionnaire et formateur,,,0030094L,,à expertiser
Clermont-Ferrand,19030858500016,CENTRE DE RESSOURCES D'EXPERTISE ET DE PERFORMANCE SPORTIVE,gestionnaire et formateur,0030858S,0030858S,0030858S,0030858S,à valider
Grenoble,19070004700052,GRETA VIVARAIS PROVENCE,gestionnaire et formateur,0071385T,0071385T,0071385T,0071385T,à valider
Grenoble,19070916200027,CFPPA DU PRADEL,gestionnaire et formateur,,,0071392A,,à expertiser
Grenoble,19071353700016,LYCEE POLYVALENT LE CHEYLARD,gestionnaire et formateur,,,0071397F,,à expertiser
Clermont-Ferrand,19150006500039,GRETA DES MONTS DU CANTAL,gestionnaire et formateur,,,0150751K,,à expertiser
Clermont-Ferrand,19150029700012,COLLEGE BLAISE PASCAL,gestionnaire et formateur,,,0150029A,,à expertiser
Clermont-Ferrand,19150037000041,CENT FORM PROFES AGRI ADULT CFPAA,gestionnaire et formateur,,,0150755P,,à expertiser
Grenoble,19260116900019,LYCEE PROFESSIONNEL MONTESQUIEU,gestionnaire et formateur,,,0260116K,,à expertiser
Grenoble,19260791900029,LEGTPA DE ROMANS SUR ISERE,gestionnaire et formateur,,0261352D,,,à expertiser
Grenoble,19380033100012,LYCEE POLYVALENT VAUCANSON,gestionnaire et formateur,,0382650Z,0380033E,,à expertiser
Grenoble,19380033100020,GRETA DE GRENOBLE,gestionnaire et formateur,0382650Z,,0382650Z,0382650Z,à valider
Grenoble,19380073700010,LYCEE POLYVALENT ELIE CARTAN,gestionnaire et formateur,,0380073Y,0380073Y,0380073Y,à valider
Grenoble,19380081000031,GRETA NORD ISERE,gestionnaire et formateur,0382652B,0382652B,0382652B,0382652B,à valider
Grenoble,19380092700017,LYCEE GENERAL ET TECHNOLOGIQUE FBUISSON,gestionnaire et formateur,,,0383434B,,à expertiser
Grenoble,19380141200019,ECOLE NATIONALE SUPERIEURE D'ARCHITECTURE DE GRENOBLE,gestionnaire et formateur,,,0380141X,,à expertiser
Grenoble,19381817600037,CFPPA DE GRENOBLE SAINT-ISMIER,gestionnaire et formateur,,,0383354P,,à expertiser
Grenoble,19381819200026,CTRE FORMATION PROFES PROMOTION AGRICOLE,gestionnaire et formateur,0693492W,,0383166K,,à expertiser
Grenoble,19381886100018,LEGTA AGROTEC,gestionnaire et formateur,0381886U,0381886U,0381886U,0381886U,à valider
Grenoble,19381912500017,INP GRENOBLE,gestionnaire et formateur,,0381912X,0382882B,,à expertiser
Grenoble,19382099000011,LYCEE POLYVALENT ROGER DESCHAUX - LYCEE DES METIERS DE LA CONSTRUCTION DU BTP ET DE L'ENERGETIQUE,gestionnaire et formateur,,0382099A,0383414E,,à expertiser
Grenoble,19382271500010,LYCEE PROFESSIONNEL JCLAUBRY - LYCEE DES METIERS DES ARTS ET DES TECHNIQUES DE L'INDUSTRIE,gestionnaire et formateur,,0382271M,0382271M,0382271M,à valider
Grenoble,19382440600014,LYCEE POLYVALENT LEONARD DE VINCI - LYCEE DES METIERS DE L'AUDIOVISUEL ET DU DESIGN,gestionnaire et formateur,,0382440W,0382440W,0382440W,à valider
Grenoble,19382863900016,LYCEE POLYVALENT GRESIVAUDAN,gestionnaire et formateur,0383139F,0382863F,0382863F,0382863F,à valider
Lyon,19420042400019,LYCEE GENERAL HONORE D'URFE,gestionnaire et formateur,,0420042T,0420042T,0420042T,à valider
Lyon,19420042400027,GRETA CFA LOIRE,gestionnaire et formateur,0421831M,0421831M,0421831M,0421831M,à valider
Lyon,19420958100017,LYCEE PROFESSIONNEL BENOIT FOURNEYRON,gestionnaire et formateur,,,0420958N,,à expertiser
Lyon,19421088600017,LEGTA SITE DE PRECIEUX,gestionnaire et formateur,,,0421088E,,à expertiser
Lyon,19421095100043,IUT INSTITUT UNIVERSITAIRE DE TECHNOLOGIE,gestionnaire et formateur,0420957M,0420957M,0420957M,0420957M,à valider
Lyon,19421095100167,IUT INSTITUT UNIVERSITAIRE DE TECHNOLOGIE,gestionnaire et formateur,,0422048Y,0422048Y,0422048Y,à valider
Lyon,19421095100191,UFR DROIT UNITE DE FORMATION DE RECHERCHE DROIT,gestionnaire et formateur,,,0422084M,,à expertiser
Lyon,19421095100308,ISEAG-IAE INSTITUT SUP D'ECONOMIE ADMNIS GESTION,gestionnaire et formateur,,0422170F,0422170F,0422170F,à valider
Lyon,19421095100407,CU CENTRE UNIVERSITAIRE DE ROANNE,gestionnaire et formateur,,,0422152L,,à expertiser
Lyon,19421095100456,TELECOM SAINT ETIENNE,gestionnaire et formateur,,,0422026Z,,à expertiser
Lyon,19421210600018,LYCEE PROFESSIONNEL AGRICOLE,gestionnaire,,,0422326A,,à expertiser
Lyon,19421210600026,CFPPA,gestionnaire et formateur,,,0421210M,,à expertiser
Clermont-Ferrand,19430020800031,GRETA DU VELAY,gestionnaire et formateur,0430020N,,0430896R,,à expertiser
Clermont-Ferrand,19430112300015,LEGTPA DE BRIOUDE-BONNEFONT,gestionnaire et formateur,,,0431012S,,à expertiser
Clermont-Ferrand,19430113100026,CFPPA ADULTES D'YSSINGEAUX,gestionnaire et formateur,,,0430958H,,à expertiser
Clermont-Ferrand,19630021400042,GRETA CLERMONT-AUVERGNE,gestionnaire et formateur,0630021F,,0631724G,,à expertiser
Clermont-Ferrand,19630041200034,GRETA VAL D'ALLIER,gestionnaire et formateur,,,0631723F,,à expertiser
Clermont-Ferrand,19630984300015,LEGTPA LOUIS PASTEUR,gestionnaire et formateur,0631764A,,0630984C,,à expertiser
Clermont-Ferrand,19630984300031,CENTRE DE FORMATION PROFESSIONNELLE ET DE,gestionnaire et formateur,0632065C,0631904C,0631904C,0631904C,à valider
Clermont-Ferrand,19630984300056,CENTRE DE FORMATION D'APPRENTIS AGRICOLE DES,gestionnaire,0632065C,,0632065C,0632065C,à valider
Clermont-Ferrand,19631223500019,ETABLISSEMENT PUBLIC LOCAL D'ENSEIGNEMENT ET DE FORMATION  PROFESSIONNELLE AGRICOLES DES COMBRAILLES,gestionnaire et formateur,,0632067E,0632067E,0632067E,à valider
Lyon,19690097100017,LYCEE POLYVALENT CLAUDE BERNARD,gestionnaire et formateur,,0690097F,0690097F,0690097F,à valider
Lyon,19690128400014,LYCEE GENERAL TECHNOLO EDOUARD BRANLY,gestionnaire et formateur,,,0690128P,,à expertiser
Lyon,19690132600013,LYCEE GENERAL TECHNOL PIERRE BROSSOLETTE,gestionnaire et formateur,,,,,à expertiser
Lyon,19690187000010,ECOLE CENTRALE DE LYON,gestionnaire et formateur,,,0690187D,,à expertiser
Lyon,19690192000013,INSTITUT NATIONAL DES SCIENCES APPLIQUEES DE LYON,gestionnaire et formateur,0693640G,,0690192J,,à expertiser
Lyon,19690250600019,LYCEE GENERAL TECHNOLOGIQUE AGRICOLE DE DARDILLY,gestionnaire et formateur,0693492W,0693492W,0693492W,0693492W,à valider
Lyon,19690250600050,CFA REGIONAL DE LYON-DARDILLY,gestionnaire,0693492W,,,,à expertiser
Lyon,19690279500018,ETABLISSEMENT PUBLIC LOCAL D'ENSEIGNEMENT ET DE FORMATION PROFESSIONNELLE AGRICOLE ANDRE PAILLOT,gestionnaire et formateur,,0690279D,0690279D,0690279D,à valider
Lyon,19691644900024,GRETA CFA RHONE,gestionnaire et formateur,0693002N,0693002N,0693002N,0693002N,à valider
Lyon,19691774400019,UNIVERSITE CLAUDE BERNARD LYON 1,gestionnaire et formateur,0691774D,0691774D,0693943L,0691774D,à valider
Lyon,19691774400217,DEPT BIOLOGIE HUMAINE,gestionnaire et formateur,,,0692185A,,à expertiser
Lyon,19691774400233,INST SCIENCES PHARMACIE BIOLOGIE,gestionnaire et formateur,,0692187C,0692187C,0692187C,à valider
Lyon,19691774400415,UFR DE BIOLOGIE 3679Z,gestionnaire et formateur,,,0693679Z,,à expertiser
Lyon,19691774400431,UFR GENIE ELEC PRO 3681B,gestionnaire et formateur,,,0693681B,,à expertiser
Lyon,19691774400472,UFR DE MECANIQUE 3685F,gestionnaire et formateur,,,0693685F,,à expertiser
Lyon,19691774400605,INST SCIENCE FINANCIERE ASSURANCE,gestionnaire et formateur,,,0693781K,,à expertiser
Lyon,19691775100014,UNIVERSITE LYON 2 A ET L LUMIERE,gestionnaire et formateur,0691775E,0691775E,0691775E,0691775E,à valider
Lyon,19691775100030,UFR LETTRES SC LANGAGE & ARTS,gestionnaire et formateur,,,,,à expertiser
Lyon,19691775100055,UFR GEO HIST ART TOURISME,gestionnaire et formateur,,,0692200S,,à expertiser
Lyon,19691775100246,IUT BRON UNIVERSITE LYON 2,gestionnaire et formateur,,,0693521C,,à expertiser
Lyon,19692437700159,CTRE ETUDE UNIVERSIT ANTENNE 1310U,gestionnaire et formateur,,,0011310U,,à expertiser
Lyon,19692437700282,UNIVERSITE LYON 3 JEAN MOULIN,gestionnaire et formateur,0692437Z,,0692437Z,0692437Z,à valider
Lyon,19692516800011,LYCEE POLYVALENT FRANCOIS RABELAIS,gestionnaire,0692719F,,0692516K,,à expertiser
Lyon,19692516800029,GRETA-CFA HOTELLERIE-RESTAURATION-ALIMENTATION,gestionnaire et formateur,0692719F,,0692719F,0692719F,à valider
Lyon,19692517600014,LYCEE POLYVALENT CAMUS-SERMENAZ,gestionnaire et formateur,,,,,à expertiser
Lyon,19692866700019,LYCEE GEN TECH LA MARTINIERE MONPLAISIR,gestionnaire et formateur,0692998J,0692866R,0692866R,0692866R,à valider
Lyon,19692866700027,GRETA CFA LYON METROPOLE,gestionnaire et formateur,0692998J,0692998J,0692998J,0692998J,à valider
Grenoble,19730016300015,LYCEE POLYVALENT MONGE,gestionnaire et formateur,0730016W,0730016W,0731341L,0730016W,à valider
Grenoble,19730016300049,GRETA SAVOIE,gestionnaire et formateur,0731302U,0731302U,0731302U,0731302U,à valider
Grenoble,19730043700013,LYCEE POLYVALENT RENE PERRIN - LYCEE DES METIERS DES SCIENCES ET DES TECHNIQUES DE L'INDUSTRIE,gestionnaire et formateur,,0730043A,0730043A,0730043A,à valider
Grenoble,19730858800015,UNIVERSITE SAVOIE MONT BLANC,gestionnaire et formateur,0730858L,0730858L,0730858L,0730858L,à valider
Grenoble,19730858800056,INST UNIVERSITAIRE TECHNOLOGIE 1133E,gestionnaire et formateur,,0741133E,0741693N,,à expertiser
Grenoble,19730858800106,UFR LETTRES LANGUES SC HUMAINES,gestionnaire et formateur,,,0731384H,,à expertiser
Grenoble,19730858800429,ECOLE POLYTECHNIQUE SAVOIE,gestionnaire et formateur,,,0730858L,,à expertiser
Grenoble,19740009600024,GRETA LAC,gestionnaire et formateur,0741322K,0741322K,0741322K,0741322K,à valider
Grenoble,19740013800032,GRETA ARVE FAUCIGNY,gestionnaire et formateur,0741323L,0741323L,0741323L,0741323L,à valider
Grenoble,19740047600010,LYCEE POLYVALENT SAVOIE LEMAN - LYCEE DES METIERS DE L'HOTELLERIE RESTAURATION,gestionnaire et formateur,,,0740047Z,,à expertiser
Grenoble,19740062500012,LYCEE PROFESSIONNEL AMEDEE GORDINI,gestionnaire et formateur,,,0740062R,,à expertiser
Grenoble,19740276100013,LYCEE PROFESSIONNEL AGRICOLE,gestionnaire et formateur,,,0740276Y,,à expertiser
Grenoble,19740927900050,CFPPA - ENILV - ECOLE NAT INDUSTRIES LAIT VIANDES,gestionnaire et formateur,,0383338X,0383247Y,,à expertiser
Grenoble,19971035100016,COLLEGE MIREILLE CHOISY,gestionnaire et formateur,9711283T,9711283T,9711283T,9711283T,à valider
Grenoble,20004632400014,LYCEE POLYVALENT ALGOUD LAFFEMAS,gestionnaire et formateur,,0261505V,0261505V,0261505V,à valider
Grenoble,20004632400022,GRETA VIVA 5,gestionnaire et formateur,0261155P,0261155P,0261155P,0261155P,à valider
Grenoble,26380021100066,IFSI-IFAS,gestionnaire et formateur,,,0383190L,,à expertiser
Lyon,26420030400162,ECOLE DE CADRES INFIRMIERS,gestionnaire et formateur,,,0421820A,,à expertiser
Lyon,26690018200095,IFAS SIMON ROUSSEAU,gestionnaire et formateur,,,,,à expertiser
Grenoble,30023144600018,CENTRE DE FORMATION PROFESSIONNELLE,gestionnaire et formateur,0741158G,0741158G,0741158G,0741158G,à valider
Lyon,30102946800032,CFA DU ROANNAIS,gestionnaire et formateur,0421609W,0421609W,0421609W,0421609W,à valider
Grenoble,30185750400015,CFA DES METIERS DE L'AUTOMOBILE,gestionnaire et formateur,0740298X,0740298X,0740298X,0740298X,à valider
Grenoble,30280269900017,CENTRE ETUDE FORESTIERE ET AGRICOLE,gestionnaire et formateur,0261265J,0261265J,0261265J,0261265J,à valider
Grenoble,30282597100021,MAISON FAMILIALE RURALE,gestionnaire et formateur,0382442Y,0382442Y,0382442Y,0382442Y,à valider
Grenoble,30282986600037,MAISON FAMILIALE RURALE D'EDUCATION ET D'ORIENTATION DE VIGNIEU-MORESTEL,gestionnaire et formateur,,,0383418J,,à expertiser
Grenoble,30283115100014,MAISON FAMILIALE RURALE EDUCATION ORIENT,gestionnaire et formateur,0382275S,,0382275S,0382275S,à valider
Lyon,30284207500020,MAISON FAMILIALE RURALE DE SAINT ETIENNE,gestionnaire et formateur,0421807L,0421807L,0421807L,0421807L,à valider
Lyon,30284789200023,INSTITUT DES METIERS DE SAINT ETIENNE,gestionnaire et formateur,0421567A,0421567A,0421567A,0421567A,à valider
Lyon,30284906200013,MAISON FAMILIALE RURALE EDUCATION ORIENT,gestionnaire et formateur,0421187M,0421187M,0421187M,0421187M,à valider
Lyon,30285103500014,MAISON FAMILIALE DE VOUGY,gestionnaire et formateur,,,0421183H,,à expertiser
Lyon,30292798300023,MAISON FAMILIALE RURALE CHESSY,gestionnaire et formateur,0692918X,0692918X,0692918X,0692918X,à valider
Lyon,30293143100019,ASS DE LA MAISON FAMILIALE,gestionnaire et formateur,0692436Y,0692715B,0692436Y,0692436Y,à valider
Lyon,30293883200045,OCELLIA,gestionnaire et formateur,,,0692522S,,à expertiser
Grenoble,30293883200052,OCELLIA,gestionnaire et formateur,,,0692522S,,à expertiser
Grenoble,30386072000018,ASS DROME ARDECHE FORMATION PROFESSION,gestionnaire et formateur,0261036K,,0261036K,0261036K,à valider
Lyon,30396959600038,ASS REGIONALE FORMATION ALTERNEE,gestionnaire et formateur,0692360R,0692360R,0692360R,0692360R,à valider
Lyon,30469122300156,FEDERATION REGIONALE DES MFR,gestionnaire et formateur,0692436Y,0692436Y,0692436Y,0692436Y,à valider
Lyon,30476321200020,MAISON FAMILIALE RURALE VAL DE COISE,gestionnaire et formateur,0692436Y,0694458W,0694458W,0694458W,à valider
Grenoble,30488998300017,MAISON FAMIL EDUCAT ORIENTAT,gestionnaire et formateur,,0741238U,0741238U,0741238U,à valider
Lyon,30540504500660,AFT FC,gestionnaire et formateur,0422306D,,0422306D,0422306D,à valider
Clermont-Ferrand,30540504500900,ISTELI MONCHY ST ELOI,gestionnaire et formateur,0601902S,,0601902S,0601902S,à valider
Grenoble,30540504501346,AFTRAL,gestionnaire et formateur,0741767U,0741767U,0741767U,0741767U,à valider
Clermont-Ferrand,30540504501528,AFTRAL,gestionnaire et formateur,0631959M,,0631820L,,à expertiser
Lyon,30540504501957,AFTRAL,gestionnaire et formateur,0694352F,,0694352F,0694352F,à valider
Grenoble,30540504501999,AFTRAL,gestionnaire et formateur,0382660K,,,,à expertiser
Grenoble,30540504502161,AFTRAL,gestionnaire et formateur,0382910G,0382910G,0382910G,0382910G,à valider
Clermont-Ferrand,30540504502377,AFTRAL,gestionnaire et formateur,,,0252002R,,à expertiser
Clermont-Ferrand,30664595300036,ECOLE DE NOTARIAT,gestionnaire et formateur,,,0630111D,,à expertiser
Grenoble,30869892700024,MAISON FAMILIALE LES EBEAUX,gestionnaire et formateur,0741120R,,0741120R,0741120R,à valider
Lyon,30870853600054,POLYVIA FORMATION,gestionnaire et formateur,0693640G,0693640G,,0693640G,à valider
Lyon,30957639500037,CTRE CONSULAIRE FORMATION PROFESSION AIN,gestionnaire et formateur,0010826T,,0010826T,0010826T,à valider
Lyon,31065677200202,INSTITUT FORMATION RHONE ALPES,gestionnaire et formateur,,0694472L,,,à expertiser
Lyon,31124794400011,MAIS FAMIL RURAL EDUC ORIENT,gestionnaire et formateur,0421859T,0421859T,0421859T,0421859T,à valider
Grenoble,31172039500020,MAISON FAMILIALE RURALE DU RIBERACOIS,gestionnaire et formateur,0241068F,0241068F,0241068F,0241068F,à valider
Grenoble,31180983400014,ORGANISME GESTIONNAIRE DU CENTRE DEPARTEMENTAL DE FORMATION D APPRENTIS DE LA CARROSSERIE AUTOMOBILE,gestionnaire et formateur,0741251H,0741251H,0741251H,0741251H,à valider
Clermont-Ferrand,31233053300026,ASS GESTION INSTITUT FORMATION PROF 43,gestionnaire et formateur,0430844J,0430844J,0430844J,0430844J,à valider
Lyon,31240903000094,INST ETUDES ECONOMIQUES COMMERCIALES,gestionnaire et formateur,,0694282E,0694282E,0694282E,à valider
Lyon,31249509600173,INSTITUT DE GESTION SOCIALE,gestionnaire et formateur,0693306U,0693306U,0693306U,0693306U,à valider
Lyon,31266699300026,MAISON FAMILIALE RURALE D'EDUCATION ET D'ORIENTATION - DOMAINE DE LA SAULSAIE,gestionnaire et formateur,0011170S,,0011170S,0011170S,à valider
Grenoble,31293685900056,ASS GESTION ECOLE FRANCAISE PAPETERIE,gestionnaire et formateur,0383143K,,0383143K,0383143K,à valider
Grenoble,31576583400017,CTRE FORMATION APPRENTIS COIFFURE,gestionnaire et formateur,,0740290N,0740290N,0740290N,à valider
Clermont-Ferrand,31794423900027,ASS GESTION CFA PROMOT LIVRAD FOREZ,gestionnaire et formateur,0631687S,0631687S,0631687S,0631687S,à valider
Clermont-Ferrand,32198413000385,ASSOC DEPART AMIS PARENTS ENFANTS INADAP,gestionnaire et formateur,,,,,à expertiser
Grenoble,32339042700041,ASDER,gestionnaire et formateur,0731580W,0731580W,0731580W,0731580W,à valider
Clermont-Ferrand,32396166400121,OSENGO,gestionnaire et formateur,0632078S,0632078S,0632078S,0632078S,à valider
Clermont-Ferrand,32396166400162,OSENGO,gestionnaire et formateur,0632078S,,0632078S,0632078S,à valider
Clermont-Ferrand,32396166400170,OSENGO,gestionnaire et formateur,,,0632078S,,à expertiser
Grenoble,32424993700016,UNIVERSITE DU VIN,gestionnaire et formateur,,,0261300X,,à expertiser
Lyon,32629972400038,ASS RECHERCHE PEDAGOGIQUE AUDIO-VISUEL,gestionnaire et formateur,,0011448U,0011448U,0011448U,à valider
Lyon,32693006200145,ASSOCIATION DES FONDATEURS ET PROTECTEURS DE L'INSTITUT CATHOLIQUE DE LYON,gestionnaire et formateur,,,0690195M,,à expertiser
Grenoble,32803724700017,MFR DES METIERS DE LA MONTAGNE,gestionnaire et formateur,,,0741237T,,à expertiser
Lyon,32922456200093,PIGIER - WIN,gestionnaire et formateur,0693733H,0693733H,0693733H,0693733H,à valider
Lyon,32922456200622,LA COMPAGNIE DE FORMATION,gestionnaire et formateur,0694315R,0694315R,0694315R,0694315R,à valider
Lyon,32922456200671,MY DIGITAL SCHOOL,gestionnaire et formateur,0694424J,,,,à expertiser
Grenoble,32968112600044,ASS SPORT POSTE FRANCE TELECOM DE GRENOB,gestionnaire et formateur,,,0142390X,,à expertiser
Lyon,33022012000043,RAYNARD-KOPP,gestionnaire et formateur,,,0693176C,,à expertiser
Grenoble,33037752400146,ASSOCIATION INTERNATIONALE POUR LA FORMATION,gestionnaire et formateur,,,0383504C,,à expertiser
Lyon,33138377800031,PROMOTION DES TECHNIQUES INTERNATIONALES DE MANAGEMENT,gestionnaire et formateur,0693177D,,0693177D,0693177D,à valider
Lyon,33264146300135,GROUPE IGS - CIEFA,gestionnaire et formateur,0756017H,,0756017H,0756017H,à valider
Grenoble,33286501300020,SAVOISIENNE DEVELOP TECHNIQUES NOUVELLES,gestionnaire et formateur,0741776D,0741776D,0741776D,0741776D,à valider
Grenoble,33355433500039,CTRE FORMATION PROFESSION LES CHARMILLES,gestionnaire et formateur,0383474V,0383474V,0383474V,0383474V,à valider
Grenoble,33392505500019,MAISON FAM RURALE EDUCATION ORIENTATION,gestionnaire et formateur,0261096A,0261096A,0261096A,0261096A,à valider
Clermont-Ferrand,33453278500063,DEA FORMATION,gestionnaire et formateur,0431038V,0431038V,0431038V,0431038V,à valider
Grenoble,33453366800011,MAISON FAMILIALE RURALE EDUC ORIENTATION,gestionnaire et formateur,0692436Y,0741408D,0741408D,0741408D,à valider
Grenoble,33499365600019,MAISON FAMILIALE RURALE,gestionnaire et formateur,0692436Y,0741236S,0741236S,0741236S,à valider
Lyon,33509089000013,MAISON FAMILIALE RURALE,gestionnaire et formateur,,0421288X,0421288X,0421288X,à valider
Lyon,33532490100016,MAISON FAMIL RURALE BEAUJOLAIS,gestionnaire et formateur,,0692713Z,0692713Z,0692713Z,à valider
Lyon,34074141200035,CFA BUREAUTIQUE ET METIERS TERTIAIRES CFA DE L' IGS,gestionnaire et formateur,0693306U,,0693306U,0693306U,à valider
Grenoble,34181168500039,EPEC,gestionnaire et formateur,,0260111E,0260111E,0260111E,à valider
Grenoble,34270750200478,CESI SAS,gestionnaire et formateur,0691696N,,0383561P,,à expertiser
Lyon,34321955600010,INTERFORA IFAIP,gestionnaire et formateur,0693328T,,0693328T,,inconnu
Lyon,34321955600028,INTERFORA IFAIP,gestionnaire et formateur,,0693328T,,,à expertiser
Grenoble,34497770700027,MAIS FAMIL RURALE EDUCATION ORIENTATION,gestionnaire et formateur,,,0261098C,,à expertiser
Lyon,34841570400017,ECOLE DARFEUILLE,gestionnaire et formateur,0421947N,0421947N,0421947N,0421947N,à valider
Lyon,34902150100029,INSTITUT DE FORMATION DU BATIMENT TRAVAUX PUBLICS RHONE-ALPES,gestionnaire et formateur,,,,,à expertiser
Lyon,35176587000032,EFAB - CRESPA - EDUCTIVE GROUP,gestionnaire et formateur,0694070Z,0694070Z,0694070Z,0694070Z,à valider
Clermont-Ferrand,35180218600053,SILVYA TERRADE CLERMONT,gestionnaire et formateur,,0632002J,0632002J,0632002J,à valider
Clermont-Ferrand,35180218600087,SILVYA TERRADE VICHY,gestionnaire et formateur,,0030867B,0030867B,0030867B,à valider
Clermont-Ferrand,37789199900023,GFS,gestionnaire et formateur,0631852W,0631852W,0631852W,0631852W,à valider
Lyon,37789199900056,GROUPE FORMATION SYSTEMES,gestionnaire et formateur,,,0631852W,,à expertiser
Lyon,37815351400021,CENTRE ETUDES EUROPEEN RHONE ALPES,gestionnaire et formateur,0693448Y,,0693448Y,0693448Y,à valider
Clermont-Ferrand,37890108600017,ECOLE CHRISTIAN VABRET - MOF- BOULANGERIE - PATISSERIE - CUISINE,gestionnaire et formateur,0150788A,,0150788A,0150788A,à valider
Lyon,37924163100116,IFC LOIRE,gestionnaire et formateur,0422187Z,,0422295S,,à expertiser
Clermont-Ferrand,38015173800024,ECOLE SUPERIEURE EUROPEENNE PACKAGING,gestionnaire et formateur,,,0430942R,,à expertiser
Lyon,38134879600024,IFIR ARL (AIN-RHONE-LOIRE),gestionnaire et formateur,0693452C,,0693452C,0693452C,à valider
Lyon,38272120700050,BEAUTY ACADEMIE,gestionnaire et formateur,,,0422027A,,à expertiser
Lyon,38284767100049,ASS DEP LYCEE PROFESSION PRIVE RURAL AIN,gestionnaire et formateur,0011057U,0011057U,0011057U,0011057U,à valider
Clermont-Ferrand,38320309800025,CFI FORMATION - CFI INFORMATIQUE - CFI ENCAISSEMENT,gestionnaire et formateur,0632081V,0632081V,0632081V,0632081V,à valider
Grenoble,38416491900027,MBWAY - IPAC BACHELOR FACTORY - IPAC -,gestionnaire et formateur,0383139F,0741369L,3833506E,,à expertiser
Grenoble,38416491900142,IPAC,gestionnaire et formateur,0383139F,,0741435H,,à expertiser
Grenoble,38768417800057,ETAAG UNIVERIA SUP2I,gestionnaire et formateur,0382896S,0382896S,0382896S,0382896S,à valider
Lyon,38918577800039,ACADEMIE D'ART DENTAIRE,gestionnaire et formateur,0693368L,,0693368L,0693368L,à valider
Grenoble,38939545000023,ECORIS,gestionnaire et formateur,0741622L,0741622L,0741622L,0741622L,à valider
Grenoble,38939545000031,ECORIS,gestionnaire et formateur,0730805D,0730805D,0730805D,0730805D,à valider
Lyon,39074560200065,ASS FORMAT DISTRI PRODUIT ELECTRO GD PUB,gestionnaire et formateur,0693936D,0693936D,0693936D,0693936D,à valider
Lyon,39269401400029,ENSEIS - ETABLISSEMENT DE LA LOIRE,gestionnaire et formateur,,,0422128K,,à expertiser
Grenoble,39269401400060,ENSEIS - ETABLISSEMENT DE LA SAVOIE,gestionnaire et formateur,,,0731457M,,à expertiser
Grenoble,39269401400086,ENSEIS - ETABLISSEMENT DE HAUTE-SAVOIE,gestionnaire et formateur,,,,,à expertiser
Lyon,39269401400094,ENSEIS - SIEGE SOCIAL,gestionnaire,,,0422128K,,à expertiser
Clermont-Ferrand,39310452600016,CFAI D AUVERGNE,gestionnaire et formateur,0031030D,,0031030D,0031030D,à valider
Clermont-Ferrand,39310452600040,CFAI D AUVERGNE,gestionnaire et formateur,0631968X,,0631968X,0631968X,à valider
Clermont-Ferrand,39310452600057,CFAI D AUVERGNE,gestionnaire et formateur,0631967W,,0631967W,0631967W,à valider
Lyon,39329874000027,INST FORM REG INDUST AGRO ALIMENT AUVERGNE RHONE ALPES,gestionnaire et formateur,0693588A,0693588A,0631929E,0631929E,à valider
Clermont-Ferrand,39329874000035,INST FORM REG INDUST AGRO ALIMENT AUVERGNE RHONE ALPES,gestionnaire et formateur,0631929E,0631929E,0631929E,0631929E,à valider
Lyon,39379933300041,ASS FORMAT DANS INDUSTRIES DE LA LOIRE,gestionnaire et formateur,0421975U,0261542K,0421975U,0421975U,à valider
Grenoble,39388611400023,ASS GESTION LYCEE RURAL  LES 3 VALLEES,gestionnaire et formateur,,,0741224D,,à expertiser
Lyon,39445174400012,PEYREFITTE ESTHETIQUE,gestionnaire et formateur,0691875N,,0691875N,0691875N,à valider
Lyon,39758087900054,CFEP - LYON,gestionnaire et formateur,0694430R,0694430R,0694430R,0694430R,à valider
Grenoble,39759221300011,MAISON FAMILIALE RURALE PAYS SEYSSEL,gestionnaire et formateur,,0741438L,0741438L,0741438L,à valider
Lyon,39835392000018,OGEC SAINT JOSEPH SAINTE CLAIRE,gestionnaire et formateur,0420985T,0420985T,0420985T,0420985T,à valider
Lyon,39882957200062,ASSOCIATION FORMATION POUR L INSERTION,gestionnaire et formateur,0422334J,0422334J,,0422334J,à valider
Grenoble,39913469100191,EPSI-WIS,gestionnaire et formateur,,,0922854C,,à expertiser
Lyon,39914306400018,INSTFORMATALTERNEEINDUSTTRANSFRH AL,gestionnaire,0693624P,,0693624P,0693624P,à valider
Lyon,39934569300010,MAISON FAMILIALE RURALE DU PARC,gestionnaire et formateur,0692436Y,,0422218H,,à expertiser
Lyon,40055112300039,CTRE INTERREG FORMATION ALTER PLASTURGIE,gestionnaire et formateur,0693640G,,0693695S,,à expertiser
Lyon,40130997600025,CENTRE FORMATPERFECTIONMETIERS LOGISTI,gestionnaire et formateur,,,0693866C,,à expertiser
Grenoble,40197111400020,INSTITUT FORMATION ALTERNANCE DE L ISERE,gestionnaire et formateur,0383139F,0383139F,0383139F,0383139F,à valider
Lyon,40247415900058,INSTITUT REG UNIVERSITAIRE POLYTECHNIQUE,gestionnaire et formateur,0422256Z,0422256Z,0422256Z,0422256Z,à valider
Grenoble,40331964300025,OGEC MARIE RIVIER,gestionnaire et formateur,,,,,à expertiser
Grenoble,40394396200023,GRENOBLE UNIVERSITE CLUB,gestionnaire et formateur,0383559M,0383559M,,0383559M,à valider
Grenoble,40945804900049,FORMASUP ISERE DROME ARDECHE,gestionnaire et formateur,0383169N,0383169N,0383169N,0383169N,à valider
Grenoble,40996871600046,INST FORMAT ALTERN SPORT ANIMATION 2000,gestionnaire et formateur,0383426T,0383426T,0383426T,0383426T,à valider
Clermont-Ferrand,41055004000019,INSTDE FORMATINTERPROFESSIONNEL ALLIER,gestionnaire et formateur,0030124U,0030124U,0030124U,0030124U,à valider
Grenoble,41137587600017,OGEC MARC SEGUIN,gestionnaire et formateur,,,0071359P,,à expertiser
Lyon,41158137400013,ASS DE FORMATION PROFESSIONNELLE DE L INDUSTRIE LYON,gestionnaire et formateur,0692210C,,0694220M,,à expertiser
Lyon,41158228100019,ASSOCIATION CENTRE DE FORMATION D APPRENTIS DE L INDUSTRIE LYON,gestionnaire et formateur,0692210C,0693624P,0692210C,0692210C,à valider
Clermont-Ferrand,41173463500039,GAILLARD FORMATION,gestionnaire et formateur,0150779R,0150779R,,0150779R,à valider
Grenoble,41302271600042,NICOLLET,gestionnaire et formateur,0383369F,0383369F,0383369F,0383369F,à valider
Clermont-Ferrand,41398354500026,ESPACE REUSSITE,gestionnaire et formateur,0430966S,0430966S,0430966S,,inconnu
Clermont-Ferrand,41398354500034,ESPACE REUSSITE,gestionnaire et formateur,0430966S,,0430966S,0430966S,à valider
Grenoble,41884676200023,BTP CFA AUVERGNE RHONE ALPES,gestionnaire et formateur,0383249A,0383249A,0383249A,0383249A,à valider
Lyon,41884676200031,BTP CFA AUVERGNE RHONE ALPES,gestionnaire et formateur,0693400W,0693400W,0693400W,0693400W,à valider
Grenoble,41884676200049,BTP CFA AUVERGNE RHONE ALPES,gestionnaire et formateur,0261035J,,0261035J,0261035J,à valider
Lyon,41884676200056,BTP CFA AIN,gestionnaire et formateur,0010965U,0010965U,0010965U,0010965U,à valider
Lyon,41884676200064,BTP CFA LOIRE MICHEL CLUZEL,gestionnaire et formateur,0421139K,0422267L,0421139K,0421139K,à valider
Grenoble,41884676200072,BTP CFA DES SAVOIES,gestionnaire et formateur,0730878H,0730878H,0730878H,0730878H,à valider
Lyon,41884676200080,BTP CFA RHONE PH DE L ORME,gestionnaire et formateur,0692214G,0692214G,0692214G,0692214G,à valider
Lyon,41884676200106,BTP CFA AUVERGNE RHONE ALPES,gestionnaire,0010965U,,,,à expertiser
Clermont-Ferrand,41884676200114,BTP CFA AUVERGNE RHONE ALPES,gestionnaire et formateur,0631243J,0631243J,0631243J,0631243J,à valider
Clermont-Ferrand,41884676200155,BTP CFA AUVERGNE RHONE ALPES,gestionnaire et formateur,0030126W,0030126W,0030126W,0030126W,à valider
Clermont-Ferrand,41884676200163,BTP CFA AUVERGNE RHONE ALPES,gestionnaire et formateur,,0150605B,,,à expertiser
Clermont-Ferrand,41884676200171,BTP CFA AUVERGNE RHONE ALPES,gestionnaire et formateur,,,,,à expertiser
Grenoble,41893313100033,FEDERATION COMPAGNONNIQUE REGIONALE DES PAYS DE SAVOIE,gestionnaire et formateur,0741557R,,0741557R,0741557R,à valider
Lyon,41967025200024,ESPACE FORMATION DES TECHNIQUES INFORMATIQUES INDUSTRIELLES ET COMMERCIALES,gestionnaire et formateur,0422028B,,0422028B,0422028B,à valider
Grenoble,41969472400016,MAISON FAMILIALE RURALE,gestionnaire et formateur,0383232G,,0383232G,0383232G,à valider
Lyon,42072056700122,IDRAC BS-SUP'DE COM-ICL-IET-ILERI-ESAIL,gestionnaire et formateur,0693180G,,0694078H,,à expertiser
Lyon,42084724600089,INSTITUT FORMATION AFFAIRES ET GESTION,gestionnaire et formateur,0692955M,0692955M,0692955M,0692955M,à valider
Lyon,42152046100383,CORALLIS UNIVERSITE,gestionnaire,0694427M,0694427M,,0694427M,à valider
Grenoble,42156674600010,MAISON FAMRURALE LE VILLAGE,gestionnaire et formateur,,0382435R,0382435R,0382435R,à valider
Grenoble,42370591200057,CENTRE RESSOURCES AROBASE,gestionnaire et formateur,,,0693891E,,à expertiser
Lyon,42466031400024,CARREL CENTRE DE FORMATION,gestionnaire et formateur,0690723L,0690723L,0690723L,0690723L,à valider
Clermont-Ferrand,42924994900075,H & C CONSEIL,gestionnaire et formateur,0632071J,0632071J,0632071J,0632071J,à valider
Grenoble,42965896600024,ECOLE SUPERIEURE FAUGIER,gestionnaire et formateur,0382050X,0382050X,0382050X,0382050X,à valider
Grenoble,43249004300085,GALAXIE 5,gestionnaire et formateur,0383556J,0383556J,0383556J,0383556J,à valider
Lyon,43261313100023,AFIP FORMATIONS,gestionnaire et formateur,0694089V,0694089V,0694089V,0694089V,à valider
Lyon,43325905800041,LYON OLYMPIQUE UNIVERSITAIRE LOU RUGBY,gestionnaire et formateur,0694231Z,0694231Z,0694231Z,0694231Z,à valider
Lyon,43903961100025,FORMA SUP ARL,gestionnaire et formateur,0693891E,,0693891E,0693891E,à valider
Clermont-Ferrand,43961207800022,CENTRE DE FORMATION OMNISPORTS,gestionnaire et formateur,,0150791D,0150777N,,à expertiser
Grenoble,44072836800018,FORMASUP DES PAYS D SAVOIE,gestionnaire et formateur,0741540X,0741540X,0741540X,0741540X,à valider
Grenoble,44221809500010,PANTHERA FORMATION,gestionnaire et formateur,,,,,à expertiser
Grenoble,44227959200020,QUALIFORMATION,gestionnaire et formateur,0383241S,0383241S,0383241S,0383241S,à valider
Clermont-Ferrand,44288992900026,IFTAM,gestionnaire et formateur,0632077R,0632077R,0632077R,0632077R,à valider
Grenoble,44320628900102,ASSOCIATION DE GESTION DU CONSERVATOIRE NATION DES ARTS ET METIERS AUVERGNE-RHONE-ALPES,gestionnaire et formateur,,,0694310K,,à expertiser
Grenoble,44893459600017,MAISON FAMILIALE CHAMP MOLLIAZ,gestionnaire et formateur,0741630V,0741630V,0741630V,0741630V,à valider
Grenoble,44970716500014,ASS GESTIONNAIRE FORMATION DANS INDUSTRI,gestionnaire,,,0731505P,,à expertiser
Grenoble,44970716500022,ASS GESTIONNAIRE FORMATION DANS INDUSTRI,gestionnaire et formateur,0731505P,0731505P,0731505P,0731505P,à valider
Grenoble,44987631700016,TECHNOPOLYS,gestionnaire et formateur,0731506R,,0731506R,0731506R,à valider
Lyon,45023432300050,ESUP,gestionnaire et formateur,,,0693704B,,à expertiser
Lyon,45094656100021,ASSOCIATION POUR LA FORMATION PROFESSIONNELLE DANS LES INDUSTRIES DE L'AMEUBLEMENT LYON,gestionnaire et formateur,0692781Y,0692781Y,0692781Y,0692781Y,à valider
Clermont-Ferrand,45150291800019,ASS DEVELOP PROFES SPORTIFS LA GAUTHIERE,gestionnaire et formateur,,,0631981L,,à expertiser
Lyon,45165687000040,ISITECH,gestionnaire et formateur,0694215G,,0694215G,,inconnu
Lyon,45188807700026,ASSFORMAPPRENTIMETIERS BANQUE ET FINA,gestionnaire et formateur,0693703A,,0693703A,,inconnu
Lyon,45211949800106,INSTITUT AERO FORMATIONS,gestionnaire et formateur,,,0694365V,,à expertiser
Clermont-Ferrand,45237779900013,ADASA,gestionnaire et formateur,0631964T,0631964T,0631964T,0631964T,à valider
Grenoble,45395242600022,GARAGE AUTO MOTO PASSION,gestionnaire et formateur,,,,,à expertiser
Lyon,47790817200067,ESIMA LYON - PERFORMANCES CONCEPT,gestionnaire et formateur,0694061P,0694061P,0694061P,0694061P,à valider
Lyon,47956103700017,ECOLE HOTELIERE DU LYONNAIS,gestionnaire et formateur,0694400H,,0694400H,0694400H,à valider
Clermont-Ferrand,48051919800026,SARL ADREC AUVERGNE,gestionnaire et formateur,,,0632079T,,à expertiser
Lyon,48064586000069,ALTERNANCE RHONE ALPES,gestionnaire et formateur,0694228W,0694228W,,0694228W,à valider
Grenoble,48237902100041,HUGUES,gestionnaire et formateur,,0261546P,,,à expertiser
Grenoble,48372344100018,MAISON FAMILIALE RURALE DES BARONNIES,gestionnaire et formateur,0261434T,0261434T,0261434T,0261434T,à valider
Clermont-Ferrand,49171064600010,ASS REG PROMOTION APPRENT ENSEIGN SUP AUVERGNE,gestionnaire,0631978H,,0631978H,,inconnu
Clermont-Ferrand,49171064600028,ASS REG PROMOTION APPRENT ENSEIGN SUP AUVERGNE,gestionnaire et formateur,0631978H,0631978H,0631978H,0631978H,à valider
Clermont-Ferrand,49182702800011,INSTITUT DU TRAVAIL SOCIAL DE LA REGION AUVERGNE,gestionnaire et formateur,0630110C,0630110C,0630110C,0630110C,à valider
Grenoble,49317540000032,CFAI FORMAVENIR,gestionnaire et formateur,0741677W,0741677W,0741677W,0741677W,à valider
Grenoble,49317540000040,CFAI FORMAVENIR,gestionnaire,,0741758J,0741758J,0741758J,à valider
Lyon,49758449000021,ASSOCIATION DEPARTEMENTALE DES MAISONS DE JEUNES ET DE LA CULTURE DE LA LOIRE,gestionnaire et formateur,,0422330E,0422330E,0422330E,à valider
Grenoble,49804032800011,ECOLE SUPERIEURE DU LEMAN,gestionnaire et formateur,,0741781J,0741781J,0741781J,à valider
Grenoble,49836707700027,ECORIS,gestionnaire et formateur,0731535X,0731535X,0731535X,0731535X,à valider
Lyon,50103360900014,GROUPE ARKESYS,gestionnaire et formateur,,,,,à expertiser
Lyon,50215377800027,FONDATION LA MACHE,gestionnaire et formateur,,,0694140A,,à expertiser
Grenoble,50264547600016,INSTITUT RURAL DES MFR,gestionnaire et formateur,0741253K,0741253K,0741253K,0741253K,à valider
Lyon,50304921500026,AKTEAP,gestionnaire et formateur,0693764S,,0693764S,0693764S,à valider
Lyon,50410060300027,EDAIC,gestionnaire et formateur,0694181V,0694181V,0694181V,0694181V,à valider
Lyon,50417168700024,FORMA BTP,gestionnaire et formateur,0694179T,0694179T,0694179T,0694179T,à valider
Clermont-Ferrand,50421524500037,AURILLAC FORMATION COM,gestionnaire et formateur,0150790C,0150790C,0150790C,0150790C,à valider
Grenoble,50434337700017,IFC,gestionnaire et formateur,0261509Z,0261509Z,0261509Z,0261509Z,à valider
Grenoble,50786235700013,ACTION CHEVAL FORMATION,gestionnaire et formateur,0383548A,0383548A,0383548A,0383548A,à valider
Clermont-Ferrand,51247239000016,OGEC AUVERGNE JEAN BAPTISTE DE LA SALLE,gestionnaire et formateur,,,,,à expertiser
Grenoble,51418826700025,PREMIUM FORMATION,gestionnaire et formateur,0261392X,,0261392X,0261392X,à valider
Lyon,51490360800016,AFPMA FORMATION,gestionnaire et formateur,,,0010856A,,à expertiser
Clermont-Ferrand,51941211800043,ESCO-WESFORD AUVERGNE,gestionnaire et formateur,0632004L,0632004L,0632004L,0632004L,à valider
Grenoble,52334312700016,STELLA DI L ALBA,gestionnaire et formateur,0261545N,0261545N,0261545N,0261545N,à valider
Lyon,52358209600039,IF2M,gestionnaire et formateur,0694268P,0694268P,0694268P,0694268P,à valider
Lyon,52407208900021,INTERNATIONAL SILVYA TERRADE,gestionnaire et formateur,0690696G,0690696G,0690696G,0690696G,à valider
Lyon,52407208900039,SILVYA TERRADE VILLEFRANCHE,gestionnaire et formateur,,0694088U,0694088U,0694088U,à valider
Lyon,52407208900070,SILVYA TERRADE BOURG EN BRESSE,gestionnaire et formateur,,0011256K,0011256K,0011256K,à valider
Grenoble,52407208900088,SILVYA TERRADE ANNEMASSE,gestionnaire et formateur,,0741709F,0741709F,0741709F,à valider
Grenoble,52407208900096,SILVYA TERRADE GRENOBLE,gestionnaire et formateur,,0383053M,0383053M,0383053M,à valider
Clermont-Ferrand,52425048700013,EAF,gestionnaire et formateur,0631974D,0631974D,0631974D,0631974D,à valider
Grenoble,52504425100029,SPORT LEMAN,gestionnaire et formateur,0741706C,0741706C,0741706C,0741706C,à valider
Clermont-Ferrand,52862423200047,IMCS,gestionnaire et formateur,0031131N,0031131N,0031131N,0031131N,à valider
Grenoble,53427748800019,INSTITUT DE FORMATION DU VELO,gestionnaire et formateur,0383553F,0383553F,,0383553F,à valider
Lyon,53835166900014,ASSOCIATION ECEMA - ECOLE EUROPEENNE DE MANAGEMENT EN ALTERNANCE,gestionnaire,,,0693977Y,,à expertiser
Grenoble,53951935500017,MAISON FAMILIALE RURALE DE LA SEMINE,gestionnaire et formateur,,,0741453C,,à expertiser
Grenoble,75313914600017,CENTRE D'ETUDES ET DE FORMATION ALPES SAVOIE,gestionnaire et formateur,0731563C,0731563C,0731564D,0731563C,à valider
Grenoble,75315034100034,ASSOCIATION FORMATION EMPLOI AVENIR SUD RHONE-ALPES,gestionnaire et formateur,0071456V,0071456V,0071456V,0071456V,à valider
Grenoble,75323263600013,EFPPA,gestionnaire et formateur,,0731587D,,,à expertiser
Lyon,75341936500014,IFMS H3S,gestionnaire et formateur,,,0011427W,,à expertiser
Grenoble,77559594500053,ADFI - CFAI DU DAUPHINE,gestionnaire et formateur,0383091D,0381867Y,0381867Y,0381867Y,à valider
Grenoble,77559594500087,ADFI - CFAI DU DAUPHINE,gestionnaire et formateur,0383091D,0383057S,0383057S,0383057S,à valider
Grenoble,77559594500111,ASSOC DAUPHINOISE FORMATION INDUSTRIE,gestionnaire et formateur,0383091D,0383091D,0383091D,0383091D,à valider
Lyon,77564656500074,LA CHAMBRE DAPPRENTISSAGE DES METIERS DE LA SOIE E,gestionnaire et formateur,0692780X,0692780X,0692780X,0692780X,à valider
Grenoble,77565450200100,FEDERATION OEUVRES LAIQUES HAUTE SAVOIE,gestionnaire et formateur,,0741751B,0741751B,0741751B,à valider
Lyon,77566202600910,CTRE FORMATION D'APPRENTIS,gestionnaire et formateur,0693088G,0693088G,0693088G,0693088G,à valider
Grenoble,77566202601132,ASS OUVRIERE COMPAGNON DEVOIR TOUR FRANC,gestionnaire et formateur,0693088G,,0693088G,0693088G,à valider
Lyon,77567227229768,IRFSS AURA - FI SITE DE SAINT ETIENNE,gestionnaire et formateur,,,0421613A,,à expertiser
Lyon,77567227232200,IRFSS AURA - CRFP,gestionnaire et formateur,,,0030946M,,à expertiser
Lyon,77568013501071,ASS PROMOT SOCIAL FORMAT PROF TRANS ROUT,gestionnaire et formateur,0693726A,0693726A,0693726A,0693726A,à valider
Lyon,77568810400063,LYCEE PROFESSIONNEL PRIVE ORT,gestionnaire et formateur,0690642Y,0693406C,0690642Y,0690642Y,à valider
Lyon,77572845400221,AFORP FORMATION,gestionnaire et formateur,0772824B,,0772824B,0772824B,à valider
Clermont-Ferrand,77585750100032,ORGANISM GESTION ENSEIGNEMENT CATHOLIQUE,gestionnaire et formateur,0301760A,0301760A,0301760A,0301760A,à valider
Grenoble,77627544800012,LP PRIVE SAINT ANDRE,gestionnaire et formateur,,,0070112J,,à expertiser
Lyon,77630061800050,CENTRE FORMATION PERMANENTE,gestionnaire et formateur,0420998G,,0420998G,0420998G,à valider
Lyon,77630753000027,ASSOCIATION FAMILIALE DU LYCEE TECHNIQUE PRIVE LE PUYS DE L'AUNE,gestionnaire et formateur,,0421674S,0421674S,0421674S,à valider
Lyon,77634558900043,OGEC ARAGO - STE ANNE,gestionnaire et formateur,0693764S,0420974F,,,à expertiser
Lyon,77635616400017,MAISON FAMILIALE RURALE EDUCAT ORIENTAT,gestionnaire et formateur,0421184J,0421184J,0421184J,0421184J,à valider
Lyon,77639490000018,ASSOCIATION EDUCATIVE LA SALLE ST LOUIS STE BARBE,gestionnaire et formateur,,,0420976H,,à expertiser
Lyon,77639523800046,CATHOLIQUE SCE JEUNESSE LYC RENOUVEAU,gestionnaire et formateur,,,0422160V,,à expertiser
Lyon,77639524600015,ASSOCIATION SAINTE THERESE FORMATION,gestionnaire et formateur,,0420991Z,0422159U,,à expertiser
Lyon,77639526100014,OGEC LA SALESIENNE,gestionnaire et formateur,,,,,à expertiser
Lyon,77639528700019,GROUPE TEZENAS DU MONTCEL,gestionnaire et formateur,,0422338N,0420979L,,à expertiser
Lyon,77639826500020,COURS SYNDICAUX PROFESSIONNELS COIFFURE,gestionnaire et formateur,,0422190C,0422190C,0422190C,à valider
Grenoble,77646521300036,CFA,gestionnaire et formateur,0731341L,,0731341L,0731341L,à valider
Grenoble,77658564800012,C DE FORM APPRENTIS MAISON FAMILIALE,gestionnaire et formateur,,0740293S,0740293S,0740293S,à valider
Grenoble,77661993400016,MAISON FAMILIAL EDUCAT ORIENTAT MTBLANC,gestionnaire et formateur,0740296V,0740296V,0740296V,0740296V,à valider
Grenoble,77661994200019,MAISON FAMILIALE RURALE D EDUCATION ET D ORIENTATION DE SALLANCHES LE BELVEDERE,gestionnaire et formateur,0692436Y,0741452B,0741240W,,à expertiser
Clermont-Ferrand,77901965200014,MAISON FAMILIALE RURAL EDUCAT ORIENTAT,gestionnaire et formateur,,0030908W,0030908W,0030908W,à valider
Clermont-Ferrand,77909280800012,MAISON FAMILIALE APPRENT RURAL,gestionnaire et formateur,0692436Y,,,,à expertiser
Clermont-Ferrand,77910548500014,MAIS FAMIL RUR D'EDUCATION ET ORIENTATIO,gestionnaire et formateur,0150688S,0150688S,0150754N,0150688S,à valider
Clermont-Ferrand,77915044000021,MAISON FAMIL RURALE EDUCAT ORIENT,gestionnaire et formateur,,,0430886E,,à expertiser
Clermont-Ferrand,77921916100030,COURS SUPERIEUR DE COIFFURE,gestionnaire et formateur,,0630003L,,,à expertiser
Clermont-Ferrand,77921920300022,ASS FORMAT PROFESS PERMANENTE,gestionnaire et formateur,0631450J,,0631450J,0631450J,à valider
Clermont-Ferrand,77922117500036,FEDERATION DES ARTISANS BOULANGERS PATISSIERS DU PUY DE DOME,gestionnaire et formateur,0632072K,0632072K,0632072K,0632072K,à valider
Clermont-Ferrand,77923126500017,MAISON FAMILIALE RURALE,gestionnaire et formateur,,,0631686R,,à expertiser
Lyon,77929544300013,ASSOCIATION MAISON FAMILIALE RURALE,gestionnaire et formateur,0011074M,0011074M,0011074M,0011074M,à valider
Lyon,77931004400028,AFPMA APPRENTISSAGE,gestionnaire et formateur,0010856A,0010856A,0010856A,0010856A,à valider
Lyon,77931160400028,ADEA,gestionnaire et formateur,,,0010872T,,à expertiser
Lyon,77933737700021,MAISON FAMILIALE EDUCATION ORIENTATION,gestionnaire et formateur,0011073L,0011073L,0011073L,0011073L,à valider
Lyon,77934908300013,ASS MAISON FAMIL APPRENTISSAGE,gestionnaire et formateur,0692436Y,0011268Y,0011072K,,à expertiser
Lyon,77936480100026,ASS MAIS FAMIL RURALE EDUCAT ORIENTATION,gestionnaire et formateur,0011171T,0011171T,0011171T,0011171T,à valider
Lyon,77937827200016,ASSOC FAMIL GEST DU LEAP ST SORLIN,gestionnaire et formateur,,0011058V,0011058V,0011058V,à valider
Grenoble,77939329700014,MAISON FAMILIALE RURALE ET D'EDUCATION,gestionnaire et formateur,0261097B,0261097B,0261097B,0261097B,à valider
Grenoble,77939872600017,MAISON FAMILIALE RURALE DE MONDY,gestionnaire et formateur,,,,,à expertiser
Grenoble,77947068100023,ASS GESTION ET DEVPT DE L'APPRENTISSAGE DANS LES METIERS DE LA PHARMACIE DE LA SANTE ET DU SOCIAL EN DROME ARDECHE,gestionnaire et formateur,0071376H,0071376H,0071376H,0071376H,à valider
Grenoble,77950175800014,MAISON FAMILIALE RURALE D'EDUCATION ET D'ORIENTATION DE COUBLEVIE,gestionnaire et formateur,,,0382437T,,à expertiser
Grenoble,77950722700048,FEDERATION COMPAGNONNIQUE REGIONALE DE GRENOBLE,gestionnaire et formateur,0383174U,0383174U,0383174U,0383174U,à valider
Grenoble,77950951200017,MAISON FAMILIALE RURALE,gestionnaire et formateur,0382433N,0382433N,0382433N,0382433N,à valider
Grenoble,77955462500011,ASSOC PIERRE TERMIER,gestionnaire et formateur,,,0381666E,,à expertiser
Grenoble,77957043100022,MAISON FAMILIALE RURALE EDUC ORIENT DE MOIRANS,gestionnaire et formateur,0382938M,,0382938M,0382938M,à valider
Grenoble,77957916800039,LEP LES AYENCINS,gestionnaire et formateur,,,0381733C,,à expertiser
Grenoble,77957919200013,ASS FORMATION PROFESSIONNELLE,gestionnaire et formateur,,0381732B,0381732B,0381732B,à valider
Lyon,77965620600017,MAISON FAMILIALE RURALE LA PALMA,gestionnaire et formateur,0693067J,0693067J,0693067J,0693067J,à valider
Lyon,77971702400011,ASSOCIATION FAMILIALE DE L'INSTITUTION LIBRE LES CHASSAGNES,gestionnaire et formateur,0690542P,,0690542P,0690542P,à valider
Lyon,77976658300016,OGEC NOTRE-DAME,gestionnaire et formateur,0692360R,,0690553B,,à expertiser
Lyon,77978834800018,MAISON FAMILIALE RURALE D'EDUCATION ET D'ORIENTATION DE VILLIE-MORGON,gestionnaire et formateur,,0692708U,0692708U,0692708U,à valider
Lyon,77982516500011,OGEC ST BRUNO,gestionnaire et formateur,,,,,à expertiser
Lyon,77982531400015,CENTRE   DE FORMATION DES METIERS DES ARTS  DE LA COIFFURE,gestionnaire et formateur,,0692366X,0692366X,0692366X,à valider
Lyon,77984556900051,OLYMPIQUE LYONNAIS SECTION FOOT-BALL,gestionnaire et formateur,0694306F,,,,à expertiser
Lyon,77986700100058,FEDERATION  COMPAGNONNIQUE REGIONALE DE LYON,gestionnaire et formateur,0693694R,,0693694R,0693694R,à valider
Lyon,77986880100035,LES FRANCAS AUVERGNE RHONE-ALPES,gestionnaire et formateur,,,,,à expertiser
Lyon,77988345300010,ASSOCIATION DON BOSCO LYON,gestionnaire et formateur,,,0693371P,,à expertiser
Lyon,77988347900031,INSTITUT SAINT LAURENT,gestionnaire et formateur,,,0693818A,,à expertiser
Grenoble,77990483800025,CENTRE FORMATION PROFESSIONNELLE,gestionnaire et formateur,0070876P,0070876P,0070876P,0070876P,à valider
Lyon,77990483800066,SOC ENSEIGNEMENT PROFESS RHONE,gestionnaire et formateur,0692514H,0692514H,0692514H,0692514H,à valider
Lyon,77992578300010,ECOLE INFIRMIERE ASSIST SOCIAL,gestionnaire et formateur,,0690199S,0690199S,0690199S,à valider
Lyon,78106655000034,ASS GESTION INSTITUT FORMAT EDUCAT NORMA,gestionnaire et formateur,,,,,à expertiser
Lyon,78420275600143,INSTITUT DE FORMATION DE LA PROFESSION DE L'ASSURANCE,gestionnaire et formateur,0922650F,,0693622M,,à expertiser
Grenoble,78471704300193,CFA A POILLOT,gestionnaire et formateur,0383173T,0383173T,0383173T,0383173T,à valider
Clermont-Ferrand,78574029100139,INFA CANTAL,gestionnaire et formateur,,0150789B,0150789B,0150789B,à valider
Clermont-Ferrand,78574029100394,INST NAT FORMAT APPLIC CTRE CULTURE OUVR,gestionnaire et formateur,0632073L,0632073L,0632073L,0632073L,à valider
Clermont-Ferrand,78574029100816,INST NAT FORMAT APPLIC CTRE CULTURE OUVR,gestionnaire et formateur,,0431039W,0431039W,0431039W,à valider
Clermont-Ferrand,78574029100915,INST NAT FORMAT APPLIC CTRE CULTURE OUVR,gestionnaire et formateur,,0031129L,0031129L,0031129L,à valider
Clermont-Ferrand,78804163000047,INSTITUT FORMATION PROFESSION PERMANENTE,gestionnaire et formateur,0150640P,0150640P,0150640P,0150640P,à valider
Clermont-Ferrand,78911807200022,GROUPE ALTERNANCE,gestionnaire et formateur,0632075N,0632075N,0632075N,0632075N,à valider
Clermont-Ferrand,78911807200030,ALTERNANCE AUVERGNE,gestionnaire et formateur,0031127J,0031127J,0031127J,0031127J,à valider
Lyon,79279132900107,SIMPLONCO,gestionnaire et formateur,0932753M,,,,à expertiser
Lyon,79336778000046,ECOLE DE COMMERCE DE LYON / INSTITUT POUR L'ENTREPRENEURIAT EN AFRIQUE,gestionnaire et formateur,,,0694217J,,à expertiser
Lyon,79337271500011,IPSO CAMPUS,gestionnaire et formateur,0694253Y,0694253Y,0694253Y,0694253Y,à valider
Grenoble,79337271500037,ESECC,gestionnaire et formateur,0741410F,0741410F,0741410F,0741410F,à valider
Lyon,79414695100023,ALPHAPRIMO,gestionnaire et formateur,0422296T,,0422296T,0422296T,à valider
Lyon,79492606300080,WILD CODE SCHOOL,gestionnaire et formateur,0694435W,0694435W,,0694435W,à valider
Lyon,79528392800047,WES'SUP,gestionnaire et formateur,0011413F,,0011413F,0011413F,à valider
Grenoble,79739333700028,UP FORMATION,gestionnaire et formateur,0261543L,0261543L,0261543L,0261543L,à valider
Grenoble,79768694600048,LOUKILI,gestionnaire et formateur,,0741795Z,0741795Z,0741795Z,à valider
Lyon,79906530500028,Y-NOV - LIM'ART - INFOSUP - INGESUP,gestionnaire et formateur,0694251W,,0694251W,0694251W,à valider
Lyon,80235447200044,ACFAL FORMATION,gestionnaire et formateur,0694364U,0694364U,0694364U,0694364U,à valider
Clermont-Ferrand,80985999400018,IFMB,gestionnaire et formateur,,0431045C,0431045C,0431045C,à valider
Lyon,81160199600044,NACARAT,gestionnaire et formateur,0422319T,0422319T,0694332J,0422319T,à valider
Lyon,81171016900020,ASAF,gestionnaire et formateur,,0694438Z,0694265L,,à expertiser
Grenoble,81222593600044,FORMATION SPORT SANTE MONTAGNE,gestionnaire et formateur,,,,,à expertiser
Lyon,81361018500031,INNOVAFORMATION,gestionnaire et formateur,0694324A,,0694324A,0694324A,à valider
Grenoble,81738914100018,EESC GRENOBLE ECOLE DE MANAGEMENT - GEM,gestionnaire et formateur,0382778N,0383106V,0382778N,0382778N,à valider
Lyon,81897821500023,PRO-FYL,gestionnaire et formateur,,,,,à expertiser
Lyon,81951970300022,ORGALY,gestionnaire et formateur,,0694381M,0694381M,0694381M,à valider
Lyon,81999989700013,G404,gestionnaire et formateur,,,,,à expertiser
Lyon,82439101500016,INSTIC / 3IS LYON,gestionnaire et formateur,0693872J,,0693872J,0693872J,à valider
Clermont-Ferrand,82445892100015,ASSOCIATION AUVERGNE RHONE ALPES POUR LES METIERS DE L'INDUSTRIE - 2ARAMI,gestionnaire et formateur,0632052N,0632052N,0632052N,0632052N,à valider
Lyon,82847414800024,LIGUE AUVERGNE-RHONE-ALPES DE NATATION,gestionnaire et formateur,,,,,à expertiser
Lyon,82906328800015,MFR CAMPUS DU MARTELET,gestionnaire et formateur,0694366W,0694366W,0694366W,0694366W,à valider
Lyon,82946839600017,ESC'AL FORMATION,gestionnaire et formateur,0422315N,0422315N,0422315N,0422315N,à valider
Lyon,83138370800011,MAISON FAMILIALE RURALE CORMARANCHE,gestionnaire et formateur,,,0011324J,,à expertiser
Grenoble,83286939000019,GBRH,gestionnaire et formateur,,,0383547Z,,à expertiser
Lyon,83467788200013,ASSOCIATION POUR LA FORMATION AUX METIERS DES ENERGIES AUVERGNE RHONE-ALPES,gestionnaire et formateur,0694339S,0694339S,0694339S,0694339S,à valider
Clermont-Ferrand,83501285700016,ADREC,gestionnaire et formateur,0632079T,,,,à expertiser
Lyon,83806328700018,VOLTAIRE BUSINESS SCHOOL,gestionnaire et formateur,0011443N,,0011443N,0011443N,à valider
Lyon,83859262400012,CAMPUS MECATEAM,gestionnaire et formateur,,0711949H,0711949H,0711949H,à valider
Clermont-Ferrand,83917819100020,CETALION,gestionnaire et formateur,0632069G,0632069G,0632069G,0632069G,à valider
Clermont-Ferrand,84071143600013,ALTERNANCE PRO,gestionnaire et formateur,0632070H,0632070H,0632070H,0632070H,à valider
Clermont-Ferrand,84970689000019,ABC CONSEIL ET FORMATION,gestionnaire et formateur,0632082W,0632082W,0632082W,0632082W,à valider
Lyon,85028433200010,INSTITUT LEGES,gestionnaire et formateur,0694396D,,0694396D,0694396D,à valider
Lyon,85039060000011,ACADEMIE ZOUZOUS APPRENTISSAGE PROFESSIONNEL,gestionnaire et formateur,,,,,à expertiser
Lyon,85118370700013,THE NUUM FACTORY,gestionnaire et formateur,0694347A,,0694347A,0694347A,à valider
Grenoble,85119757400011,IFBEM,gestionnaire et formateur,,0383552E,0383552E,0383552E,à valider
Lyon,85273947300019,ADECCO CENTRE DE FORMATION D'APPRENTIS,gestionnaire et formateur,0694398F,0694398F,0694398F,0694398F,à valider
Lyon,85386655600022,UCPA FORMATION,gestionnaire et formateur,0694412W,0694412W,0694412W,0694412W,à valider
Grenoble,87838051800018,ORGANISME DE GESTION DE L'ECOLE SCHNEIDER ELECTRIC,gestionnaire et formateur,,,,,à expertiser
Grenoble,87838051800026,ORGANISME DE GESTION DE L'ECOLE SCHNEIDER ELECTRIC,gestionnaire et formateur,0383545X,0383545X,0383545X,0383545X,à valider
Lyon,87883324300024,ASSOCIATION ECOLE SECRETE DE GASTRONOMIE,gestionnaire et formateur,,,0694422G,,à expertiser
Clermont-Ferrand,88180578200029,ALFAE,gestionnaire et formateur,0632083X,,0632083X,0632083X,à valider
Lyon,88458525800012,EFASUP,gestionnaire,0694434V,0694434V,0693640G,0694434V,à valider
Lyon,88474598500017,CENTRE DE FORMATION DES APPRENTIS DE L INDUSTRIE LOIRE DROME ARDECHE (CFAI - LDA),gestionnaire et formateur,0421975U,0421975U,0421975U,0421975U,à valider
Lyon,88474598500025,CENTRE DE FORMATION DES APPRENTIS DE L INDUSTRIE LOIRE DROME ARDECHE (CFAI - LDA),gestionnaire et formateur,0422264H,0422264H,0422264H,0422264H,à valider
Grenoble,88479319100039,ASSOCIATION DE FORMATION PROFESSIONNELLE DE L'INDUSTRIE DE LA LOIRE DE LA DROME ET DE L'ARDECHE,gestionnaire et formateur,,,0261542K,,à expertiser
Grenoble,88517228800031,PALAFIS,gestionnaire et formateur,,,,,à expertiser
Lyon,89159011900014,HILOZA,gestionnaire et formateur,,0422340R,,,à expertiser
Lyon,89337342300019,CFA DES METIERS DE LA SANTE ET DU SOCIAL AUVERGNE RHONE ALPES,gestionnaire,,,,,à expertiser
Grenoble,89371474100012,CIFEP,gestionnaire et formateur,,0731586C,0731586C,0731586C,à valider
Clermont-Ferrand,89412528500011,ASSOCIATION PORTE AVENIR FORMATION,gestionnaire et formateur,,,,,à expertiser
Lyon,89497233000019,PLATINIUM ACADEMY,gestionnaire et formateur,,,,,à expertiser
Lyon,95850533100016,CPE LYON FORMATION CONTINUE ET RECHERCHE,gestionnaire et formateur,0693624P,,0690150N,,à expertiser
Lyon,96050555000033,NOVALEC SODEX FORMATION,gestionnaire et formateur,,,,,à expertiser
